FILE_NAME,ROUGE-1,ROUGE-2,ROUGE-3,ROUGE-4,ROUGE-L,BLEU-1,BLEU-2,BLEU-3,BLEU-4
ap880217-0175.txt,0.6854460093896715,0.4549763033175355,0.34449760765550236,0.26086956521739135,0.5325776195453878,0.8655844155844156,0.667237793596937,0.522668984897263,0.40568940648390384
ap880318-0051.txt,0.4520547945205479,0.21379310344827587,0.1388888888888889,0.1048951048951049,0.37767645023596214,0.5253634639696586,0.34903151723381487,0.24969585635813865,0.18612864340498025
ap880330-0119.txt,0.5370370370370371,0.3177570093457944,0.25471698113207547,0.21904761904761905,0.3246722942331806,0.6962789791544906,0.5122634036523466,0.40348311118444136,0.3261977358145513
ap880331-0140.txt,0.3890784982935153,0.13745704467353953,0.06920415224913495,0.041811846689895474,0.3271438577082624,0.4588368209057864,0.28181202519319964,0.22810425172807677,0.19596214970628828
ap880409-0015.txt,0.4472573839662447,0.13617021276595745,0.0686695278969957,0.03463203463203463,0.33634157690185806,0.5661988304093567,0.3634924787698184,0.2401842247960717,0.15823093998162396
ap880419-0131.txt,0.4375,0.220125786163522,0.16455696202531647,0.1337579617834395,0.37668369909381605,0.5660806538669134,0.40215492529306957,0.30382566708805303,0.23366567482478035
ap880510-0178.txt,0.5477178423236515,0.27615062761506276,0.18565400843881857,0.14468085106382977,0.37438489510607603,0.6598503074044373,0.4768303654896804,0.366187475442637,0.29055171568574334
ap880517-0226.txt,0.47863247863247865,0.14655172413793102,0.06956521739130435,0.02631578947368421,0.3666186441455487,0.5253164556962026,0.331322845407485,0.2117638705662517,0.13032394986882362
ap880520-0264.txt,0.5296442687747035,0.28685258964143423,0.16867469879518074,0.11336032388663968,0.41552676147704154,0.6604951258854057,0.44980774414629165,0.3036221251912083,0.1930942094520408
ap880601-0040.txt,0.42379182156133827,0.15730337078651685,0.06792452830188679,0.04562737642585551,0.28732175894001527,0.5072368421052632,0.32464971137303567,0.20973200291922775,0.1289393473569579
ap880613-0161.txt,0.4912280701754386,0.2756183745583039,0.2064056939501779,0.17204301075268816,0.35604377370989676,0.6513567338810057,0.47324686691958356,0.3626477189792168,0.2845602932909009
ap880623-0135.txt,0.4551282051282051,0.2129032258064516,0.14285714285714288,0.09803921568627451,0.3508489374873107,0.5412720592040573,0.36235708397368166,0.25184981139462176,0.17187969544788964
ap880629-0159.txt,0.47191011235955055,0.2159090909090909,0.1149425287356322,0.04651162790697674,0.34725234507098035,0.47700522131346257,0.35276611137493985,0.3055746546527095,0.24668073141703245
ap880630-0295.txt,0.34959349593495936,0.10655737704918034,0.08264462809917356,0.06666666666666667,0.28389778810063065,0.4374707807386629,0.27663356241336684,0.180533638941967,0.11187225041794449
ap880705-0006.txt,0.37168141592920356,0.03571428571428572,0.0,0.0,0.24604230429615287,0.6087988666192539,0.5299922112086499,0.4601178028814787,0.3680172368005085
ap880705-0018.txt,0.6559999999999999,0.5241935483870969,0.4796747967479675,0.4426229508196721,0.6179220230432351,0.8238035788597586,0.6704914720891773,0.581146865369466,0.5171457340993236
ap880705-0109.txt,0.5363984674329502,0.33976833976833976,0.27237354085603105,0.24313725490196078,0.48784220727370253,0.6899708697461506,0.5323272935205883,0.43990550162180825,0.3742947078230169
ap880714-0142.txt,0.48559670781893,0.2157676348547718,0.12552301255230122,0.08438818565400844,0.303543779457272,0.5439854656722126,0.35039708689926663,0.23703344764835768,0.1629434427910577
ap880801-0195.txt,0.2990654205607477,0.03134796238244514,0.006309148264984227,0.0,0.20707989285512685,0.5393567655492727,0.4947033109551346,0.4418443779266252,0.3589535770499078
ap880811-0299.txt,0.3478260869565218,0.08754208754208755,0.03389830508474576,0.020477815699658706,0.1880378285201588,0.48927426274669195,0.31420165092693914,0.21005811774109626,0.13804600617708848
ap880816-0234.txt,0.5345622119815668,0.27906976744186046,0.1784037558685446,0.13270142180094785,0.42646274783811966,0.690923317683881,0.49716218201836543,0.3769254316053997,0.2985508217146131
ap880901-0052.txt,0.3228346456692914,0.07142857142857142,0.023999999999999997,0.016129032258064516,0.24985327099005167,0.42073054121246894,0.25316867493040196,0.20887241144334434,0.18188441640044573
ap880902-0062.txt,0.5636363636363635,0.24770642201834864,0.1388888888888889,0.07476635514018692,0.29136062636907417,0.6857559614408929,0.46620077765354395,0.3147869335536974,0.19792698043047355
ap880903-0092.txt,0.43934426229508194,0.2706270627062706,0.21262458471760795,0.1806020066889632,0.37706132468441567,0.6038156288156288,0.43758882456128073,0.33704204230234425,0.26676780361394686
ap880913-0129.txt,0.4059040590405904,0.1338289962825279,0.0599250936329588,0.03773584905660377,0.2935160317703749,0.5001346801346801,0.30580439843352614,0.19250231388825426,0.1170126245117849
ap880913-0204.txt,0.32558139534883723,0.09374999999999999,0.07086614173228348,0.06349206349206349,0.2554834871303784,0.48249828414550444,0.3109963818627291,0.21608465808623523,0.15437029817801684
ap880914-0027.txt,0.423728813559322,0.12820512820512822,0.06034482758620689,0.043478260869565216,0.33724094048156056,0.5235854159904793,0.3374065571374967,0.22390938346537442,0.14792207142352637
ap880914-0079.txt,0.30827067669172936,0.053030303030303025,0.007633587786259542,0.0,0.20672371092770772,0.4307967313585291,0.33352758526481907,0.3160826239276943,0.26927749332034345
ap880926-0203.txt,0.42677824267782427,0.16033755274261605,0.09361702127659574,0.07725321888412018,0.30768248284053884,0.48547648772367874,0.3111383930662516,0.20245066778998702,0.1251725464512887
ap880927-0089.txt,0.4458598726114649,0.25641025641025644,0.19354838709677416,0.15584415584415584,0.3811622706554898,0.5754049156189829,0.40257305974668256,0.29934441689289265,0.22757226515938533
ap880927-0117.txt,0.44651162790697674,0.15023474178403753,0.0947867298578199,0.07655502392344499,0.36469410954939696,0.528169014084507,0.3434033562000401,0.2333744460028151,0.15212960604934295
ap880928-0146.txt,0.3071161048689139,0.14339622641509434,0.09125475285171103,0.06896551724137931,0.31387402241662593,0.4682598954443615,0.31457110403084443,0.22486306720187377,0.1618266417305592
ap881009-0072.txt,0.5291828793774318,0.25882352941176473,0.15810276679841895,0.09561752988047809,0.47279027966399684,0.6247330615414483,0.42882415327189133,0.3023486006225303,0.21170218976868405
ap881017-0235.txt,0.28474576271186436,0.0477815699658703,0.006872852233676977,0.0,0.1744510532602718,0.40061067122082494,0.31365423055210484,0.3031522541225676,0.2612019426123953
ap881018-0136.txt,0.4105960264900662,0.16666666666666669,0.12080536912751677,0.09459459459459459,0.40097834484725137,0.5577383371720183,0.38120361615797443,0.2764358280538429,0.20442904547368201
ap881126-0007.txt,0.4601226993865031,0.19135802469135801,0.08074534161490683,0.05625,0.2859797770030063,0.552023988005997,0.3611956443701491,0.242849108497923,0.1617268082745233
ap881206-0114.txt,0.40944881889763773,0.13492063492063494,0.064,0.01612903225806452,0.23305652150455886,0.48098398651496,0.29520940795143635,0.23663449712677237,0.20176998650650707
ap881210-0115.txt,0.3938223938223938,0.10894941634241247,0.054901960784313725,0.03952569169960474,0.28803249925937163,0.5210526315789473,0.32142782768706035,0.25337717506859336,0.21292863052098265
ap881211-0027.txt,0.640926640926641,0.443579766536965,0.3764705882352941,0.3320158102766798,0.5932510957704267,0.8062228323038206,0.6252154827345574,0.513782534517848,0.43140491390203256
ap881216-0017.txt,0.35714285714285715,0.09909909909909909,0.03636363636363637,0.01834862385321101,0.26747707639186874,0.6014084507042253,0.3864285889862699,0.2514943671558605,0.15613356551528582
ap881222-0089.txt,0.2588996763754045,0.052117263843648204,0.006557377049180329,0.0,0.17715620069179594,0.40560224089635855,0.31862176945773085,0.30712789734370516,0.26415995974990536
ap881222-0119.txt,0.37599999999999995,0.10483870967741936,0.016260162601626015,0.00819672131147541,0.2623275687234232,0.41255274261603375,0.31977352377346263,0.30559122760695245,0.26165041569346503
ap881222-0126.txt,0.5054945054945056,0.28782287822878233,0.18587360594795538,0.14981273408239698,0.42809425381129823,0.5886882805927651,0.40534345860360615,0.30097180523010825,0.23234112815208063
ap881227-0185.txt,0.3422053231939163,0.08429118773946362,0.03088803088803089,0.01556420233463035,0.22592799955858084,0.44218824653607264,0.2737356978637189,0.17482416945678894,0.10744004523129262
ap890111-0217.txt,0.3625,0.06918238993710692,0.03164556962025316,0.012738853503184712,0.25027327240013497,0.4830437861933925,0.29232633242298384,0.23444206058453304,0.20039245974300302
ap890111-0227.txt,0.3037037037037037,0.06716417910447761,0.022556390977443604,0.015151515151515152,0.26263600110764995,0.4054336468129572,0.24702986140558938,0.20523137410576087,0.1794918458093329
ap890117-0132.txt,0.24354243542435422,0.01486988847583643,0.00749063670411985,0.0,0.1604470924073893,0.41003367003367003,0.31893034916630647,0.30619917789048134,0.26285265638996314
ap890131-0280.txt,0.6376811594202899,0.4292682926829268,0.354679802955665,0.2885572139303483,0.39554937063946277,0.7134154561532909,0.565914843601787,0.45988492576628853,0.3741646040242235
ap890227-0016.txt,0.37984496124031003,0.09375000000000001,0.05511811023622048,0.03968253968253968,0.26375652862130666,0.4779026217228464,0.29175412948078333,0.18508777641383936,0.11337471750413249
ap890228-0019.txt,0.35036496350364965,0.08823529411764706,0.022222222222222227,0.00746268656716418,0.23540520802750817,0.45527505064671964,0.3482757170368514,0.3265339433522632,0.27652286799041054
ap890302-0063.txt,0.43298969072164945,0.15625,0.11578947368421054,0.0851063829787234,0.26827327206526336,0.5800546448087431,0.3969167675027034,0.28134167802581234,0.1997416910195064
ap890307-0150.txt,0.34545454545454546,0.20121951219512196,0.15950920245398773,0.12962962962962962,0.3103586999338447,0.4833033604852075,0.3166444839147738,0.2179895403710737,0.15109613176087916
ap890313-0198.txt,0.44290657439446374,0.1254355400696864,0.04912280701754386,0.02120141342756184,0.3073046419780938,0.5164692939882224,0.389367185010372,0.3557080179624118,0.2966668750728276
ap890314-0237.txt,0.3971631205673759,0.12857142857142856,0.0935251798561151,0.07971014492753623,0.29992827720351956,0.4755394023306796,0.3101662971520573,0.21753875543955634,0.1575943575194772
ap890316-0018.txt,0.592057761732852,0.3709090909090909,0.29304029304029305,0.25092250922509224,0.5209663334349759,0.6865384615384615,0.5064742840255148,0.39216743362979956,0.31035012941791046
ap890322-0010.txt,0.4044943820224719,0.0981132075471698,0.038022813688212934,0.02298850574712644,0.25687638826007414,0.4789903149546252,0.31172468548051174,0.2169942360671123,0.15503821688659808
ap890325-0029.txt,0.349112426035503,0.19642857142857145,0.1497005988023952,0.1144578313253012,0.34713891437191663,0.5223674655047204,0.3620419317962703,0.272578367387835,0.21255708397422104
ap890325-0143.txt,0.3057324840764331,0.038461538461538464,0.0064516129032258064,0.0,0.1880349038128785,0.420976387078082,0.25274789257137004,0.20875171842680407,0.18240621915431768
ap890326-0081.txt,0.44839857651245546,0.17204301075268819,0.10830324909747292,0.06545454545454545,0.3077071695106987,0.5325260052786834,0.3594431764660725,0.2483733722132876,0.16456976395434858
ap890403-0123.txt,0.6619217081850534,0.5591397849462366,0.4909747292418773,0.44363636363636366,0.6413145256894854,0.7801650165016502,0.6231897410893614,0.5234410316829731,0.4473356440748126
ap890404-0260.txt,0.39999999999999997,0.15976331360946747,0.10119047619047619,0.05389221556886228,0.30892822111888557,0.4933425160697888,0.32327432236689435,0.22511795753127495,0.16013394635329753
ap890501-0176.txt,0.48201438848920863,0.2463768115942029,0.16058394160583941,0.11764705882352942,0.44305119788594366,0.6102102102102102,0.43907950108754057,0.33108623414605237,0.25114729053162427
ap890502-0205.txt,0.3322259136212624,0.10702341137123746,0.04713804713804713,0.020338983050847456,0.26201546585863805,0.47289407839866554,0.2959705068119414,0.18971622200536517,0.11593310957072987
ap890511-0126.txt,0.4337349397590361,0.14574898785425103,0.07346938775510203,0.04115226337448559,0.3238976624971308,0.4891385767790262,0.30429731875308624,0.24273594979070295,0.20559607052150625
ap890529-0030.txt,0.3708609271523179,0.14,0.0604026845637584,0.020270270270270268,0.29761070489261315,0.487428429176002,0.31587895508128866,0.21205279810332953,0.13839692735108455
ap890704-0043.txt,0.35807860262008734,0.10572687224669602,0.06222222222222222,0.04484304932735426,0.24355601939829594,0.4895192526771474,0.3150958190979266,0.21076190794074792,0.14043955720324838
ap890708-0135.txt,0.3974763406940063,0.1841269841269841,0.134185303514377,0.12861736334405144,0.3331352953936539,0.5002498750624688,0.33328833254157214,0.24311483525171224,0.1853552810101328
ap890714-0129.txt,0.6724137931034482,0.5130434782608696,0.456140350877193,0.4247787610619469,0.6338675737397708,0.8290234107160349,0.6703673070243612,0.5733898058917227,0.5021009746887076
ap890719-0225.txt,0.43137254901960786,0.17763157894736842,0.10596026490066224,0.08666666666666666,0.34929660244122024,0.5330866580866581,0.3469647843021134,0.2224983423475058,0.13567907173548072
ap890722-0081.txt,0.49327354260089695,0.15384615384615385,0.09132420091324202,0.06451612903225805,0.28821963135985534,0.5319160445742724,0.4025749241654715,0.3637480657451114,0.301243922384581
ap890801-0025.txt,0.4521072796934866,0.2625482625482626,0.2101167315175097,0.1803921568627451,0.3824183402366458,0.5626739144502686,0.4064704997220193,0.31244214218269567,0.24220803172769842
ap890802-0064.txt,0.4881889763779527,0.18253968253968256,0.144,0.12096774193548387,0.3745826207486638,0.561344537815126,0.384118938777975,0.2725987177407881,0.1911032087929997
ap890803-0008.txt,0.449438202247191,0.12075471698113208,0.03041825095057034,0.007662835249042147,0.3130286575007306,0.5244939399708103,0.3299836375442922,0.2111180468100589,0.12896087457524572
ap890805-0126.txt,0.3591549295774648,0.1773049645390071,0.14285714285714285,0.12949640287769784,0.3056514883103154,0.5073826140625742,0.3571230439893603,0.2741277827885501,0.21993904109492568
ap890907-0221.txt,0.3754512635379061,0.14545454545454545,0.06593406593406594,0.03690036900369004,0.26557887015766857,0.4806833624538924,0.31513163068491856,0.21508296358243864,0.14408377972947145
ap890922-0167.txt,0.5365853658536585,0.3448275862068965,0.25870646766169153,0.21105527638190957,0.48528996294684973,0.7328508970300015,0.5528686629064163,0.4380029583717141,0.3527787377754309
ap890930-0100.txt,0.5821917808219178,0.47586206896551725,0.40972222222222227,0.3706293706293706,0.5640694868746032,0.7058575642646439,0.5350655472955151,0.43009602752412457,0.3528278521230962
ap891006-0029.txt,0.5820895522388061,0.41353383458646614,0.33333333333333337,0.27480916030534347,0.5642682497440328,0.7607388316151202,0.6066943071623712,0.5126707571658945,0.4426054597352927
ap891017-0204.txt,0.4657534246575342,0.15862068965517243,0.04861111111111111,0.027972027972027972,0.34176654459446515,0.576559101863281,0.35912689055187264,0.27946101990455285,0.23124237909346096
ap891028-0022.txt,0.4581818181818182,0.23443223443223443,0.1328413284132841,0.06691449814126393,0.3210860657431742,0.5634558030331874,0.36794072670774,0.24171570197864325,0.14921065360721592
ap891116-0115.txt,0.4299674267100977,0.20983606557377046,0.132013201320132,0.106312292358804,0.35563717439838843,0.5506455026455026,0.3849991668775241,0.28920618953789673,0.2233355391083964
ap891201-0100.txt,0.40800000000000003,0.07258064516129033,0.016260162601626015,0.0,0.27070509549212896,0.49346801346801344,0.3756628965141177,0.34628471748607237,0.2902758454119753
ap891210-0079.txt,0.32653061224489793,0.0879765395894428,0.0471976401179941,0.029673590504451036,0.28721986037657055,0.47370689655172415,0.2947485799545054,0.23824238930840755,0.20367443607543995
ap891213-0004.txt,0.3611111111111111,0.1005586592178771,0.028089887640449434,0.016949152542372878,0.25115447154784015,0.47431159058369127,0.29363166311279315,0.2373680495291397,0.20300699753410673
ap900215-0031.txt,0.3384615384615385,0.06976744186046513,0.0234375,0.007874015748031496,0.24539831171469756,0.42366946778711484,0.25802540041315536,0.2123344717973936,0.18438118866003292
ap900217-0078.txt,0.3737373737373737,0.08163265306122448,0.0,0.0,0.25269796772824127,0.5543595199501058,0.49147381034256205,0.43242030606101783,0.34856265725713137
ap900306-0105.txt,0.49158249158249157,0.2305084745762712,0.14334470989761092,0.08934707903780069,0.3379637794644437,0.555982905982906,0.3725355456061618,0.2509171936729839,0.1596869964271812
ap900313-0191.txt,0.26625386996904027,0.03738317757009346,0.0,0.0,0.19123381630147132,0.3848460615753698,0.3043547855686702,0.2969428864558333,0.2571795478819343
ap900316-0028.txt,0.4369747899159664,0.14406779661016947,0.06837606837606838,0.025862068965517244,0.3522639533211046,0.5075305484512646,0.3135905390622931,0.24833008315568986,0.2088088408583425
ap900322-0192.txt,0.38620689655172413,0.125,0.04895104895104896,0.028169014084507043,0.27789660133276217,0.522559680039995,0.33643132907029705,0.2164671209164604,0.131846879877337
ap900322-0200.txt,0.390625,0.11811023622047245,0.06349206349206349,0.04,0.21347390647400152,0.4816876245447674,0.3035411021545703,0.19864968423465018,0.12931054058159527
ap900323-0036.txt,0.44571428571428573,0.20809248554913296,0.12865497076023394,0.08284023668639053,0.37539433753359075,0.6060096153846154,0.41613361548259215,0.2877259986788109,0.188381890819746
ap900416-0188.txt,0.2531645569620253,0.057324840764331204,0.012820512820512822,0.006451612903225807,0.19528932667323035,0.4297490157480315,0.33498452278802976,0.31911160993365006,0.2726119148135496
ap900419-0121.txt,0.5770750988142292,0.350597609561753,0.2891566265060241,0.23481781376518215,0.507927970523096,0.7290132547864506,0.5639777943101506,0.45823167268494924,0.378466795138436
ap900424-0035.txt,0.5467128027681661,0.41114982578397213,0.3719298245614035,0.33922261484098937,0.509983910849178,0.6738082642685006,0.524194522776563,0.4366002749038967,0.3710935192638159
ap900426-0054.txt,0.755020080321285,0.6315789473684211,0.5714285714285714,0.5185185185185184,0.7654958820923683,0.8367381681988424,0.661243218656844,0.5485067394949537,0.46446674484318773
ap900428-0005.txt,0.5849802371541503,0.35059760956175295,0.2730923694779117,0.22672064777327935,0.5235077316451575,0.6945303373874803,0.5241134808853203,0.41832897743122366,0.3385180534353527
ap900428-0108.txt,0.30827067669172936,0.06060606060606061,0.0,0.0,0.21553962669753046,0.44561056105610564,0.3425397406489898,0.32299048131969693,0.2744067587666504
ap900511-0159.txt,0.5296803652968036,0.2857142857142857,0.1953488372093023,0.15023474178403756,0.39578373357854246,0.7017618641659562,0.5176610536965918,0.39719650268190093,0.3076264548869477
ap900512-0038.txt,0.7300000000000001,0.6262626262626262,0.5714285714285714,0.5154639175257733,0.7162661057500568,0.9326076147773765,0.7733468200139391,0.6633979900452582,0.57455005152046
ap900521-0063.txt,0.352059925093633,0.09056603773584906,0.03802281368821293,0.022988505747126436,0.20665909923076797,0.45016835016835016,0.2796273877510519,0.17772937189909208,0.10864222998499244
ap900529-0005.txt,0.4833836858006042,0.2613981762917933,0.17737003058103978,0.12307692307692307,0.4334762512915288,0.5916702447402319,0.41466631982532404,0.29667118290467615,0.20576812697135297
ap900601-0040.txt,0.3611111111111111,0.1308411214953271,0.09433962264150943,0.06666666666666667,0.2855329540945167,0.5029127593066212,0.3377486627221603,0.2431192303878578,0.17974263904683785
ap900607-0039.txt,0.4661016949152542,0.17948717948717952,0.11206896551724138,0.07826086956521738,0.3806967149687987,0.6048523206751055,0.4161973124662722,0.29192687712181936,0.19400645531100708
ap900619-0006.txt,0.47407407407407404,0.19402985074626866,0.12781954887218047,0.09848484848484848,0.3025817769572071,0.4537156357388316,0.2737471130996267,0.22226804496095026,0.19147161194775503
ap900625-0160.txt,0.5306122448979592,0.30821917808219174,0.2206896551724138,0.1736111111111111,0.4636491654414746,0.670587503111775,0.4823713124110636,0.36593957019214146,0.2861402870342126
ap900629-0260.txt,0.349809885931559,0.11494252873563218,0.0694980694980695,0.05447470817120622,0.20867775346710796,0.487649992208197,0.30571315817172606,0.19758596695274896,0.1217267823534537
ap900703-0040.txt,0.37837837837837834,0.14785992217898833,0.07058823529411765,0.0316205533596838,0.32098121318707157,0.5775284400810348,0.3832324044698929,0.2566738736238327,0.16704485555303786
ap900721-0110.txt,0.40506329113924056,0.15286624203821655,0.0641025641025641,0.04516129032258064,0.2452159732153693,0.5175268817204302,0.32558619705493336,0.20645717332246644,0.12501166051064713
ap900829-0120.txt,0.3682008368200837,0.10126582278481014,0.025531914893617023,0.0,0.30768248284053884,0.5420886075949367,0.3476851138801891,0.27386356665999934,0.2272144019742633
ap900910-0020.txt,0.37442922374429227,0.1566820276497696,0.10232558139534884,0.06572769953051644,0.28303371215161116,0.5492264416315049,0.39046242791150254,0.2895908335274088,0.20924769866466042
ap900928-0054.txt,0.40273037542662116,0.11683848797250858,0.03460207612456747,0.013937282229965157,0.2982799977046295,0.4894948465284857,0.31071455033836426,0.2045555252626458,0.12947834330935287
ap901010-0036.txt,0.5740740740740741,0.31775700934579443,0.20754716981132076,0.11428571428571428,0.40967720778952355,0.7147551978537894,0.5091454726312076,0.36309460594243836,0.24637742204503998
ap901012-0032.txt,0.4304635761589404,0.24666666666666667,0.18120805369127518,0.13513513513513514,0.36787257721425076,0.5506031746031746,0.3672980168329645,0.24611692575013971,0.1553118283410472
ap901013-0046.txt,0.3973941368078176,0.2098360655737705,0.18481848184818483,0.15946843853820597,0.3487825861501022,0.5614643031676219,0.4082537774088158,0.3201519955287215,0.2574983056045641
ap901029-0035.txt,0.35471698113207545,0.08365019011406843,0.01532567049808429,0.0,0.24113129608632208,0.5097567495322106,0.3859906921334292,0.35264299123052406,0.29406038931784056
ap901030-0216.txt,0.5214007782101167,0.3607843137254902,0.30039525691699603,0.27091633466135456,0.5016734998236722,0.6502192982456141,0.4940445354406225,0.39915348520344285,0.32877569318819766
ap901031-0024.txt,0.4492753623188406,0.2554744525547445,0.22058823529411764,0.18518518518518517,0.4094056460110475,0.5862281784517722,0.41908864221387543,0.319608014183985,0.25019267331532585
ap901130-0060.txt,0.5038167938931297,0.2153846153846154,0.11627906976744186,0.078125,0.3889712736497435,0.6186584950629894,0.4317487119895927,0.31003594661141654,0.22076055178161932
ap901203-0166.txt,0.3942652329749104,0.18772563176895307,0.1090909090909091,0.06593406593406594,0.30987586196213857,0.5604040404040403,0.3725099114688981,0.2539745945075282,0.16869626055820955
ap901231-0012.txt,0.4285714285714286,0.2191780821917808,0.16551724137931034,0.125,0.3679922425407922,0.569415292353823,0.397197725253554,0.2894810499518313,0.20723494350126526
fbis3-11919.txt,0.4380165289256198,0.25833333333333336,0.19327731092436973,0.15254237288135594,0.36483276645302637,0.5993423329871927,0.43052310456693,0.32678500494897217,0.25121006123936584
fbis3-23360.txt,0.3157894736842105,0.126984126984127,0.0797872340425532,0.05882352941176471,0.25369952065417883,0.45401891252955084,0.28203610164667675,0.18069730250710944,0.11455326350386645
fbis3-30788.txt,0.282442748091603,0.04615384615384615,0.007751937984496125,0.0,0.19172927077422136,0.4167064819238732,0.3226947748082496,0.3083978161182339,0.2640663565208203
fbis4-27602.txt,0.5224489795918368,0.1728395061728395,0.09128630705394192,0.0502092050209205,0.3692665508639644,0.5229423868312757,0.3362377702821314,0.22913427009420032,0.15888965823513052
fbis4-56863.txt,0.27586206896551724,0.05555555555555556,0.027972027972027972,0.014084507042253521,0.2010452938302045,0.47075440345629777,0.29302042071777834,0.23723837881372287,0.20267697035234866
fbis4-67721.txt,0.44534412955465585,0.18775510204081633,0.09053497942386832,0.03319502074688797,0.3424374526269042,0.56478578892372,0.3638273094532269,0.28631676282400353,0.23626198935564455
ft911-2650.txt,0.28152492668621704,0.05899705014749262,0.011869436201780418,0.0,0.21093370535160783,0.37368242670733776,0.2208440173123734,0.1884540424723371,0.16934369106315555
ft911-3463.txt,0.42176870748299317,0.0958904109589041,0.02068965517241379,0.0,0.28237798434925715,0.5276633613018052,0.3976444614835697,0.3621469210687187,0.3014589433530339
ft911-5176.txt,0.32608695652173914,0.060109289617486336,0.02197802197802198,0.01657458563535912,0.2355999594410633,0.42387804042480304,0.25691352785284594,0.16041732238838446,0.09644759882947168
ft921-305.txt,0.36585365853658536,0.13114754098360656,0.04132231404958677,0.016666666666666666,0.2476480527998718,0.5113513513513513,0.38774528016171833,0.3530974819415919,0.29382800421125005
ft921-9310.txt,0.5614035087719298,0.30088495575221236,0.20535714285714288,0.15315315315315317,0.478322660757202,0.5763271815903395,0.37905084592832816,0.29754765749084633,0.2438364133342007
ft922-10200.txt,0.43870967741935485,0.2272727272727273,0.18300653594771246,0.1644736842105263,0.3794147798372449,0.5424969141244931,0.37767020142348495,0.28206112132930106,0.21832467279795548
ft922-3171.txt,0.4080267558528428,0.12794612794612795,0.054237288135593226,0.020477815699658702,0.3284118493319921,0.5262487257900101,0.3368801129187026,0.22082184248628772,0.139199812256694
ft922-6646.txt,0.424,0.14516129032258063,0.04065040650406505,0.024590163934426233,0.3384044112823069,0.5374115688722431,0.3500399896457088,0.23302719388771678,0.14890031450270858
ft922-8860.txt,0.39631336405529954,0.10232558139534884,0.009389671361502346,0.0,0.25461829858967755,0.4720352564102564,0.3617353238971029,0.3342438744649941,0.2805172203893179
ft923-5089.txt,0.35668789808917195,0.14743589743589744,0.1032258064516129,0.07792207792207792,0.24676688822864862,0.4962795698924731,0.3319643892792902,0.23073652259980265,0.15508191471989513
ft923-5267.txt,0.33744855967078186,0.18257261410788383,0.1506276150627615,0.12658227848101267,0.27696737227510204,0.4962025316455696,0.3276136545458982,0.2286151404420736,0.15992135407394326
ft923-5797.txt,0.5703422053231939,0.32950191570881227,0.2084942084942085,0.132295719844358,0.4777749917412106,0.6397837915234822,0.4332150134637368,0.29057730900476764,0.18453475637047667
ft923-5835.txt,0.4962406015037593,0.24242424242424246,0.16030534351145037,0.11538461538461539,0.3913840094044173,0.5471995233231188,0.3561598445974864,0.23385181022854692,0.14491141726245862
ft923-5859.txt,0.3885350318471337,0.11538461538461539,0.019354838709677417,0.006493506493506494,0.2744090688138712,0.5495115995115996,0.3464754516893017,0.27015999172049565,0.22466643462827374
ft923-6038.txt,0.5052631578947367,0.2826855123674911,0.16370106761565836,0.08602150537634408,0.30461359286034134,0.626697231528831,0.4339061727643851,0.31317113972174015,0.2238284761197641
ft923-6110.txt,0.5084745762711864,0.25641025641025644,0.16379310344827586,0.11304347826086956,0.38085154893313816,0.6362762762762763,0.43552276253600786,0.3088272917459624,0.21689418321945855
ft923-6455.txt,0.47470817120622566,0.26666666666666666,0.19762845849802374,0.13545816733067728,0.4567571507168909,0.5668147109241078,0.38512916932499835,0.27009955051264567,0.18721521942965128
ft923-7126.txt,0.3254237288135593,0.08191126279863481,0.020618556701030924,0.006920415224913495,0.2521031087294783,0.5236289895961912,0.3384184282266636,0.2299925953627585,0.16005213870102591
ft931-11394.txt,0.4436619718309859,0.2411347517730497,0.1642857142857143,0.12230215827338128,0.3999818307066041,0.5582178217821783,0.3807300629299057,0.2723000564336761,0.19987393825616218
ft931-341.txt,0.3157894736842105,0.047058823529411764,0.0,0.0,0.2033389587622482,0.4393370478036176,0.34076627305410934,0.32317666897055475,0.27540285483748816
ft931-3883.txt,0.4867256637168142,0.16071428571428573,0.1081081081081081,0.07272727272727272,0.35916967436896263,0.53940329218107,0.3457950826848818,0.23154691885392253,0.14913415676832203
ft932-12322.txt,0.45283018867924524,0.16455696202531644,0.07643312101910828,0.04487179487179488,0.3652901715298553,0.5345608465608466,0.33526660591828483,0.21429215997956955,0.13016055729342618
ft932-5855.txt,0.5799256505576208,0.27715355805243447,0.17358490566037735,0.12167300380228135,0.402820192192849,0.68418882704597,0.4779585573410768,0.3422847059672818,0.23931526738166814
ft933-10881.txt,0.3574468085106383,0.12017167381974247,0.06926406926406926,0.034934497816593885,0.21919859023882798,0.5111073137388927,0.3206689339962062,0.25583511702927725,0.2147555801800109
ft933-2760.txt,0.2589928057553957,0.06521739130434782,0.0364963503649635,0.014705882352941176,0.17428196115517003,0.43247524752475247,0.2637563815760486,0.21616951242494667,0.18737898863255528
ft933-5709.txt,0.3942857142857142,0.14367816091954022,0.06358381502890174,0.04069767441860465,0.31398315285335116,0.501413339058251,0.32173575682239236,0.21064917460971225,0.13403003806040137
ft933-6011.txt,0.31213872832369943,0.09302325581395349,0.04093567251461989,0.023529411764705882,0.20193830186563033,0.46585612968591694,0.2908016120289172,0.18618861049318197,0.11784523375301181
ft933-8272.txt,0.29181494661921703,0.07168458781362007,0.04332129963898917,0.02909090909090909,0.2142455287662864,0.42254125412541255,0.25803974888484876,0.16395530595559593,0.10033366824531084
ft933-8941.txt,0.4722222222222222,0.23776223776223776,0.13380281690140844,0.09219858156028368,0.367249361527196,0.5508268207044965,0.36542254085679443,0.24757584028567897,0.16332743018233947
ft934-11014.txt,0.6075085324232081,0.3780068728522336,0.25605536332179935,0.18118466898954702,0.6076259282805941,0.7051212938005391,0.5010944004797655,0.3660409748622302,0.26400625859286675
ft934-12800.txt,0.3065134099616858,0.0,0.0,0.0,0.19253393946915726,0.552396424478799,0.4974293353231518,0.44048029615658574,0.3562285513576675
ft934-13350.txt,0.33333333333333337,0.04672897196261682,0.028301886792452824,0.009523809523809525,0.2656188707947553,0.40785583555792465,0.26116665565248626,0.17254367371226423,0.1093609602704768
ft934-5781.txt,0.2578397212543554,0.021052631578947368,0.0,0.0,0.18698135929292847,0.3823196284969985,0.30438643892440004,0.2966198149549376,0.25664780469062304
ft934-8628.txt,0.36363636363636365,0.12844036697247707,0.09259259259259259,0.06542056074766354,0.3102005516652245,0.4876602564102564,0.3197668899331175,0.21374523888493757,0.1351094093337158
ft934-8748.txt,0.44666666666666666,0.17449664429530204,0.08783783783783784,0.061224489795918366,0.36227567100293534,0.5075006356470887,0.32661859462838205,0.21169590370867525,0.12969256363298623
ft934-9116.txt,0.41984732824427484,0.14615384615384616,0.0930232558139535,0.0703125,0.33390690948948487,0.48633040935672517,0.30979981864800676,0.2090040671372785,0.14315780657940055
ft941-1547.txt,0.547945205479452,0.2580645161290323,0.15813953488372093,0.10328638497652583,0.37767213899349705,0.6959758551307847,0.49805774697469607,0.35970326310498874,0.24901309821204118
ft941-1750.txt,0.4310954063604241,0.12099644128113882,0.06451612903225808,0.04332129963898917,0.2681689493501699,0.5066977285963891,0.3092429527199297,0.24530646767673445,0.20747402742248822
ft941-4219.txt,0.37446808510638296,0.24892703862660942,0.24242424242424243,0.23580786026200873,0.39088805574087077,0.5424050632911392,0.40030259922761924,0.324443121419342,0.2732297857160195
ft941-575.txt,0.6186440677966102,0.3504273504273504,0.22413793103448273,0.1739130434782609,0.5139078313225997,0.7555555555555555,0.5430340662501933,0.394539152029876,0.27768581842263845
ft942-11114.txt,0.5625000000000001,0.3706293706293706,0.3028169014084507,0.24113475177304963,0.5512124731315835,0.6985967926689576,0.5287935594577756,0.41738381837776894,0.32942868639253037
ft943-12341.txt,0.3014705882352941,0.022222222222222223,0.0,0.0,0.17692654387803164,0.43227513227513226,0.3320291112551318,0.31485370761059034,0.2684266678471394
ft943-4951.txt,0.42028985507246375,0.07299270072992702,0.014705882352941178,0.0,0.20882493988858428,0.49398148148148147,0.37415295535171295,0.34388631339808595,0.2878255486802891
ft943-5628.txt,0.42307692307692313,0.17829457364341084,0.1015625,0.07086614173228348,0.25383352210286997,0.5196534427724578,0.32613587203979905,0.20758010034374888,0.12724848865528735
ft944-18184.txt,0.3877551020408163,0.09278350515463918,0.03125,0.010526315789473684,0.25493355664103584,0.44357955689779416,0.2853277404684373,0.226522462747366,0.1878562145969291
la010890-0031.txt,0.20140515222482436,0.05176470588235294,0.014184397163120565,0.0,0.13582478195080996,0.4044338547601782,0.24075887992079037,0.20124935565924656,0.17793864926102892
la011889-0067.txt,0.5367965367965368,0.3231441048034935,0.2819383259911894,0.2488888888888889,0.481607480524444,0.7075922738573341,0.5514175872790397,0.4591161440805226,0.3914727167102588
la012090-0090.txt,0.3984962406015038,0.09848484848484848,0.0534351145038168,0.038461538461538464,0.28220193366393365,0.48289473684210527,0.3077772887851782,0.1993227036024688,0.12276626409302317
la012590-0174.txt,0.26213592233009714,0.049019607843137254,0.0099009900990099,0.0,0.1667461354966781,0.40446265938069215,0.3141579433757345,0.3001004765601083,0.25687090705740917
la021090-0005.txt,0.3448275862068965,0.05555555555555555,0.006993006993006993,0.0,0.22434892700769654,0.4058767319636885,0.31850775305729945,0.3057575245183105,0.26235413098012295
la021689-0227.txt,0.45188284518828453,0.12658227848101267,0.05106382978723405,0.02575107296137339,0.325439207593897,0.5629746835443038,0.3663921956542239,0.28879803738939774,0.237905318764995
la030489-0068.txt,0.4923076923076923,0.24031007751937986,0.171875,0.12598425196850394,0.39904293227071397,0.5976288189694482,0.4245787440696433,0.3105190170909827,0.2203955740894315
la030789-0047.txt,0.46052631578947373,0.2582781456953643,0.19999999999999998,0.1476510067114094,0.42454259611941353,0.5928675677390698,0.43042232529764873,0.3353859402395761,0.2701967894302004
la030889-0163.txt,0.40641711229946526,0.16216216216216214,0.06557377049180328,0.03314917127071823,0.2880761244086286,0.609095677452194,0.45733031349038467,0.39371868373035435,0.3162701480747956
la032589-0044.txt,0.4483985765124555,0.15770609318996417,0.06498194945848375,0.04363636363636363,0.33736521956234666,0.5236481221754714,0.3463909411855444,0.24201773043272679,0.17154557667427556
la032789-0038.txt,0.4326530612244898,0.14814814814814814,0.09128630705394192,0.03347280334728033,0.31850189704651866,0.5382582582582582,0.35813360567781183,0.2495310407449491,0.17432715533193768
la040689-0056.txt,0.34951456310679613,0.12377850162866451,0.07868852459016394,0.0594059405940594,0.17556610810385184,0.4591970374384681,0.2967501225896208,0.2059756453404421,0.14750995754092605
la040789-0051.txt,0.17346938775510204,0.010309278350515465,0.0,0.0,0.13674054084166332,0.3522962229223785,0.27408555113238925,0.26191583623367803,0.22422226584452354
la041889-0039.txt,0.3588039867109635,0.09364548494983278,0.02693602693602694,0.013559322033898305,0.256034500135858,0.4656671664167916,0.2859058049031108,0.23071277326669629,0.19774475205413902
la042190-0060.txt,0.7184466019417477,0.6176470588235293,0.5841584158415842,0.5499999999999999,0.7248175800527779,1.0134713652109248,0.8733058025613815,0.789225552895353,0.7302010929538335
la042290-0104.txt,0.3946188340807175,0.06334841628959276,0.0091324200913242,0.0,0.22909168761449064,0.5880223710393812,0.5190470888986014,0.45416959279259145,0.364850533046289
la042490-0142.txt,0.5114155251141553,0.304147465437788,0.25116279069767444,0.22535211267605634,0.48542866714900745,0.6041133299197815,0.4325373924247461,0.33322783600121686,0.26440292443726254
la042790-0205.txt,0.2818428184281843,0.09264305177111717,0.06027397260273973,0.038567493112947666,0.17962437473053544,0.42786888918761484,0.27715985299568763,0.19024811343436626,0.13181797306308107
la043089-0197.txt,0.38862559241706157,0.10526315789473684,0.05797101449275362,0.03902439024390244,0.2920100978026613,0.5898692810457516,0.3846572859730616,0.26343569801183164,0.18377364467042237
la050889-0075.txt,0.42281879194630867,0.13513513513513514,0.07482993197278912,0.054794520547945195,0.3014600956913627,0.47454568085636045,0.29821371913822403,0.1918877982430816,0.11763349224907085
la051190-0185.txt,0.7782101167315176,0.7215686274509804,0.6719367588932806,0.6294820717131474,0.717893289234919,0.927476549988561,0.7772611454442522,0.6789763631275844,0.60207196976411
la051590-0065.txt,0.5016949152542374,0.32764505119453924,0.28865979381443296,0.26989619377162627,0.48866858441389643,0.6433797433797434,0.4856668971894558,0.3951214310855164,0.33199468388545217
la052289-0050.txt,0.3142857142857143,0.02877697841726619,0.0,0.0,0.22302868199803352,0.3727988156459405,0.2961800682320428,0.2897516602655621,0.25132089796842577
la060490-0083.txt,0.4380165289256198,0.125,0.07563025210084033,0.05084745762711864,0.28695892505300236,0.5998278829604131,0.41616391095444105,0.3046754209289753,0.22495425182569886
la061589-0143.txt,0.34710743801652894,0.058333333333333334,0.0,0.0,0.21423417777522524,0.5996524671009535,0.5257703455761623,0.45823015603181655,0.36729449169142886
la070189-0080.txt,0.5633802816901408,0.44680851063829785,0.4071428571428571,0.381294964028777,0.5635022624532133,0.6773906973792754,0.5351524287363176,0.4513138945646676,0.3877029700677709
la071590-0068.txt,0.5161290322580645,0.2926829268292683,0.23770491803278687,0.21487603305785125,0.47771544584700487,0.6354687040846312,0.46936031623927515,0.3700362830398785,0.3008297866256813
la072089-0140.txt,0.3734177215189874,0.07643312101910828,0.01923076923076923,0.006451612903225807,0.24559540652959375,0.4794077134986226,0.2862665336403184,0.23012374201494287,0.197247970607796
la073089-0118.txt,0.27414330218068533,0.02507836990595611,0.006309148264984228,0.0,0.18565625108025954,0.3795799341634464,0.3015053074983293,0.295423837044071,0.25646454465998314
la080189-0042.txt,0.6431718061674009,0.4266666666666667,0.3139013452914798,0.25339366515837103,0.6128893468036848,0.7438602185437628,0.5559495719360711,0.4280089045518015,0.32141743550569724
la080790-0111.txt,0.4818481848184819,0.23255813953488372,0.14046822742474918,0.08080808080808081,0.3038724209488309,0.5947114162217138,0.4168021910557806,0.2985393800991992,0.20809591355698223
la081489-0025.txt,0.282560706401766,0.10199556541019955,0.035634743875278395,0.026845637583892617,0.1948182737993035,0.41257409323021854,0.24668032826113467,0.15168934187463942,0.08980626955245206
la081490-0030.txt,0.3115264797507788,0.08150470219435736,0.05047318611987382,0.03174603174603175,0.19278957533342786,0.4693384927215773,0.3054939020402297,0.2076092603493953,0.14241081785019818
la081589-0043.txt,0.4778156996587031,0.21993127147766323,0.13148788927335642,0.10452961672473868,0.3041543086934509,0.5536941580756014,0.37524030829857263,0.26984269968429786,0.199510991702366
la081890-0039.txt,0.4695121951219513,0.24539877300613497,0.16049382716049385,0.10559006211180123,0.3693318599433317,0.5812999273783588,0.4072995284911607,0.2971881192526934,0.21755637034317096
la091889-0088.txt,0.38686131386861317,0.1176470588235294,0.05925925925925926,0.0373134328358209,0.2915381667151176,0.5128564749883123,0.32889985075100925,0.2128006652131254,0.1310097214316879
la092189-0123.txt,0.3564954682779456,0.121580547112462,0.06116207951070336,0.043076923076923075,0.2704914306635541,0.4802678337635133,0.30425323332425097,0.19767252409090133,0.12586906826543717
la092490-0095.txt,0.3533333333333333,0.07382550335570469,0.013513513513513513,0.006802721088435374,0.21867656901400334,0.4134926562111028,0.32113928250675394,0.3079522570855015,0.26418371065232515
la092790-0010.txt,0.2983870967741935,0.016260162601626018,0.0,0.0,0.19155916067070952,0.39530710835058663,0.3089924538063143,0.2972793897838405,0.2554757030613594
la093089-0126.txt,0.44202898550724634,0.19708029197080293,0.13235294117647062,0.0962962962962963,0.34353891390014946,0.4941340005560189,0.31071301396834655,0.19880501930811564,0.12131453021849391
la100789-0007.txt,0.7040000000000001,0.5403225806451613,0.47154471544715443,0.41803278688524587,0.7055728882323512,0.7677147413989519,0.584819208297603,0.46251677993668733,0.3699814999548861
la101090-0017.txt,0.29325513196480935,0.07669616519174041,0.029673590504451033,0.023880597014925373,0.2378154821746155,0.41610142118863047,0.25558607784005993,0.16531951607847956,0.10625197615816012
la101289-0194.txt,0.24285714285714288,0.02158273381294964,0.007246376811594204,0.0,0.1651087521451884,0.5549084074207865,0.5006681036143599,0.4435520187347803,0.3587768197733018
la101690-0040.txt,0.4086021505376344,0.14440433212996387,0.10181818181818182,0.06593406593406594,0.3477037754374926,0.47835497835497837,0.30429491283034504,0.19675465101477593,0.1210101492961112
la102189-0151.txt,0.48669201520912536,0.16091954022988506,0.061776061776061784,0.038910505836575876,0.3010747534470021,0.5419714385231627,0.341537662378887,0.21681166308003047,0.13255307315360568
la102190-0045.txt,0.2743362831858407,0.01785714285714286,0.0,0.0,0.18585733617462658,0.49931375618381507,0.4499664553870513,0.40015365964037003,0.324519291346035
la103089-0043.txt,0.3164983164983165,0.04745762711864406,0.013651877133105802,0.0,0.21240916655135586,0.40529347052352294,0.31824034776732235,0.30608067019509205,0.2629203374555915
la103089-0070.txt,0.4262295081967213,0.23102310231023104,0.15946843853820597,0.11371237458193979,0.33903763357342886,0.5568640955004591,0.3811307751049669,0.2711456384695738,0.19293737680839224
la110490-0184.txt,0.6335877862595419,0.4,0.2170542635658915,0.10156250000000001,0.4495822806148463,0.7076599079243805,0.48900745147009045,0.3392808420918578,0.22631452721995274
la110589-0082.txt,0.4220779220779221,0.14379084967320263,0.07894736842105264,0.052980132450331126,0.29340754406126035,0.5246913580246914,0.3354900349254159,0.2228448699648441,0.1446134069475241
la110590-0038.txt,0.4619883040935672,0.12941176470588234,0.05325443786982249,0.02976190476190476,0.28852219349099295,0.5473478175768252,0.359738714141224,0.24382086771020164,0.16135945263024268
la120290-0163.txt,0.2781954887218045,0.05303030303030303,0.0076335877862595426,0.0,0.20695188054057143,0.43062865497076025,0.33347849082224434,0.31643675064102217,0.2697803880390838
la120389-0130.txt,0.4026845637583893,0.18243243243243243,0.10884353741496598,0.0547945205479452,0.3434101152697801,0.5045766590389016,0.32264207460621713,0.2089244022607442,0.12795700551958175
la121189-0017.txt,0.3614457831325302,0.08484848484848485,0.02439024390243903,0.012269938650306749,0.23563484893517575,0.46008963178294576,0.2852420767375355,0.17894001496068768,0.10790294701938673
sjmn91-06012224.txt,0.3630573248407643,0.1794871794871795,0.12903225806451613,0.1038961038961039,0.32963575190058775,0.5018971570959339,0.34603495938636025,0.2568697547144299,0.19532066231529893
sjmn91-06071022.txt,0.6160337552742616,0.3404255319148936,0.2317596566523605,0.12987012987012986,0.5678220649830031,0.6991237813155622,0.47982286600154084,0.3236040620540946,0.20324844569968176
sjmn91-06084228.txt,0.44666666666666666,0.20134228187919465,0.1283783783783784,0.08163265306122448,0.38263289621836083,0.5688545688545689,0.383770331019461,0.26380345945843,0.1741505959912717
sjmn91-06105230.txt,0.3835616438356164,0.1542699724517906,0.09418282548476453,0.055710306406685235,0.30953215746404167,0.49557549992127226,0.307266403300938,0.24614996635458894,0.20909597559051563
sjmn91-06129119.txt,0.5298507462686567,0.3609022556390978,0.2878787878787879,0.24427480916030536,0.513383901029113,0.7142726858185134,0.5316372207640515,0.41352412378875425,0.32694883901479127
sjmn91-06136305.txt,0.3709677419354839,0.08130081300813008,0.00819672131147541,0.0,0.22833353674023274,0.4549486461251167,0.345425699423153,0.3237634610443289,0.2742266634708415
sjmn91-06142126.txt,0.22564102564102564,0.0,0.0,0.0,0.1623519761342397,0.5552513440632904,0.4953277415388762,0.436855478223849,0.35256157737826427
sjmn91-06143070.txt,0.27986348122866894,0.041237113402061855,0.006920415224913493,0.0,0.19933216664062856,0.4416936830729934,0.3440661493375805,0.32525531853524714,0.2765802244416171
sjmn91-06161012.txt,0.3003194888178914,0.09003215434083602,0.06472491909385114,0.05211726384364821,0.24747666508863547,0.4329049742110324,0.27030728537956084,0.17974658553176306,0.12106958213417263
sjmn91-06169114.txt,0.3027522935779816,0.037037037037037035,0.0,0.0,0.21258315137959344,0.566111386885735,0.5019470299262314,0.44106840537981007,0.3552273926547693
sjmn91-06182091.txt,0.3465045592705167,0.0856269113149847,0.024615384615384615,0.0061919504643962835,0.2574181118582246,0.45956865956865955,0.2781673157849354,0.2252875380523848,0.19383121890585736
sjmn91-06184003.txt,0.3695652173913044,0.09489051094890512,0.03676470588235294,0.007407407407407407,0.2815532554605961,0.4602020202020202,0.2854078192733275,0.2305974550671758,0.197446243826625
sjmn91-06184021.txt,0.31840796019900497,0.06030150753768844,0.020304568527918784,0.0,0.23860475584566715,0.5626476468205365,0.5007139091823695,0.4408066854430506,0.35537559000929403
sjmn91-06184088.txt,0.2711864406779661,0.06825938566552901,0.04123711340206186,0.02076124567474048,0.16666347827032107,0.402575621443546,0.316635823231554,0.30513929302001436,0.2624021575289032
sjmn91-06187248.txt,0.34069400630914826,0.044444444444444446,0.006389776357827477,0.0,0.2022915724719182,0.4125908865104096,0.32110553541196935,0.3087330385758954,0.26524236532237644
sjmn91-06189077.txt,0.3023872679045093,0.08533333333333332,0.021447721179624665,0.01078167115902965,0.22547487292742746,0.44094400223432484,0.2673906234330966,0.21871223875825588,0.18987493021299723
sjmn91-06191081.txt,0.4758364312267658,0.299625468164794,0.26415094339622647,0.25855513307984795,0.4252751744108537,0.6285365667658049,0.48096189949929347,0.40143422482764957,0.34846053557279266
sjmn91-06191174.txt,0.28,0.0574712643678161,0.017341040462427747,0.005813953488372092,0.21938979600103328,0.4005571705426357,0.2379486962433222,0.19896981402138228,0.17564684917709875
sjmn91-06192123.txt,0.3835616438356164,0.1103448275862069,0.041666666666666664,0.013986013986013986,0.29156525898865504,0.4580981439105009,0.2792847407129409,0.22624562162002884,0.19460158495450058
sjmn91-06193081.txt,0.35649546827794554,0.1884498480243161,0.12232415902140674,0.0923076923076923,0.3281829669323791,0.5115629984051037,0.3458706264930892,0.2491173914338295,0.1855115201763415
sjmn91-06193235.txt,0.36363636363636365,0.09166666666666666,0.01680672268907563,0.0,0.232627031887626,0.45958287054177466,0.3507931443085276,0.3270369594344752,0.27602925864715433
sjmn91-06195131.txt,0.4,0.2096774193548387,0.17073170731707318,0.15573770491803277,0.3466785369486188,0.551157643854273,0.389362886567598,0.2960086996471733,0.2346200085995985
sjmn91-06212161.txt,0.47808764940239046,0.18473895582329317,0.11336032388663968,0.05714285714285714,0.3381975537169418,0.5534391534391534,0.3531499871817346,0.22739146909843713,0.13965183599581596
sjmn91-06246065.txt,0.41666666666666663,0.16793893129770993,0.1076923076923077,0.06976744186046512,0.38639910576717595,0.5352462352462353,0.3540073102945785,0.23318955222136908,0.14462612705198324
sjmn91-06255434.txt,0.44015444015444016,0.17898832684824903,0.10196078431372547,0.06324110671936758,0.23822794948041165,0.5020530048525569,0.32196293431031897,0.2083495859589106,0.12823773356184742
sjmn91-06276078.txt,0.3729903536977492,0.1035598705501618,0.03908794788273616,0.019672131147540985,0.27001556650356334,0.4445453811369509,0.2720210558666572,0.22313558343844273,0.1929496881926229
sjmn91-06283083.txt,0.4265402843601896,0.1818181818181818,0.1352657004830918,0.11707317073170732,0.3012473454495553,0.602894617819991,0.43784603206114936,0.3488467420307312,0.2896582377283059
sjmn91-06290146.txt,0.44239631336405527,0.18604651162790697,0.08450704225352113,0.03791469194312796,0.36231156464112396,0.5617223845071946,0.37595354637301404,0.2594949838032309,0.17929303028778015
sjmn91-06301029.txt,0.3689320388349514,0.10784313725490197,0.0891089108910891,0.08,0.27629098530377555,0.4749876233603851,0.3069296808482531,0.20427613723168705,0.12891283325098313
sjmn91-06312120.txt,0.3320754716981132,0.038022813688212934,0.007662835249042144,0.0,0.20774015784926084,0.56912906655348,0.5112828665263447,0.45144676617891843,0.3644506139467136
wsj870123-0101.txt,0.3483483483483483,0.1268882175226586,0.05471124620060791,0.03669724770642202,0.24898730006521558,0.5106627296587927,0.33333931301636033,0.22379738776992653,0.1485915981064387
wsj870227-0149.txt,0.38970588235294124,0.17037037037037037,0.10447761194029852,0.08270676691729324,0.2689077889974283,0.574281805745554,0.4052793545121322,0.30038876972408346,0.22227317551178624
wsj870306-0171.txt,0.4347826086956522,0.18421052631578944,0.11504424778761063,0.07142857142857142,0.30835152204148447,0.5718762718762719,0.3781826452753874,0.2538093401165655,0.16220194327020623
wsj870501-0141.txt,0.36678200692041524,0.11846689895470384,0.04912280701754386,0.014134275618374558,0.27915237350310823,0.4634343434343434,0.35543440301475226,0.33212912048333665,0.2806472940420111
wsj870818-0002.txt,0.31970260223048325,0.0599250936329588,0.022641509433962266,0.0,0.19676839448270092,0.4433005414474186,0.338751678888852,0.31970266624241633,0.2718381022982946
wsj870908-0047.txt,0.5038167938931297,0.2769230769230769,0.18604651162790697,0.1640625,0.4340084426622046,0.632213512504666,0.43787835621344084,0.3134630180795703,0.22854703966682766
wsj871215-0109.txt,0.4502164502164502,0.10480349344978167,0.05286343612334802,0.02666666666666667,0.27033562803846306,0.4959915611814346,0.3753888309780373,0.344663035529726,0.2883013221756515
wsj871216-0037.txt,0.40273037542662116,0.15807560137457044,0.09688581314878893,0.04878048780487805,0.2834053915619351,0.5348325837081459,0.35557700976385265,0.24256969553829943,0.16468800933700609
wsj880617-0024.txt,0.2990033222591362,0.06688963210702342,0.02693602693602694,0.013559322033898306,0.17968374553821162,0.461022120518688,0.2881233781233398,0.18447568028590242,0.11257310048571152
wsj880621-0079.txt,0.3425076452599388,0.12307692307692307,0.018575851393188854,0.0,0.2461629394374054,0.4667624521072797,0.2831840951826978,0.22880318180440837,0.1967595626325844
wsj880923-0163.txt,0.2620689655172414,0.03472222222222222,0.0,0.0,0.1928739109781279,0.5529197239232553,0.5022395349522686,0.4461964714987389,0.3614343258839023
wsj890828-0011.txt,0.4444444444444445,0.1381578947368421,0.05960264900662251,0.019999999999999997,0.3144873037506401,0.5128899017234012,0.33084002654932204,0.21158082733716999,0.12873266835488972
wsj900418-0193.txt,0.4357142857142858,0.08633093525179857,0.007246376811594203,0.0,0.2310806369614874,0.4495658835546476,0.2723986155568163,0.22147681897067442,0.19078401985768548
wsj900615-0131.txt,0.4467353951890035,0.23529411764705882,0.16724738675958187,0.14035087719298245,0.39853901426016136,0.5670836808451487,0.39046189006454923,0.2844871755395578,0.20893962830430435
wsj900705-0145.txt,0.46537396121883656,0.3342618384401114,0.2633053221288515,0.2028169014084507,0.5040851803536675,0.6136932875339917,0.4549947156498473,0.353379615676341,0.2736927864749159
wsj900720-0113.txt,0.27665706051873196,0.11014492753623187,0.06997084548104957,0.05278592375366569,0.233901339794824,0.4445854931415071,0.28474053877495975,0.19559387593550256,0.13843942492475392
wsj900914-0127.txt,0.4128113879003558,0.17921146953405018,0.10108303249097472,0.07999999999999999,0.3450611199833974,0.540018315018315,0.358439849055226,0.25118777952568855,0.17993890252281752
wsj900918-0121.txt,0.38016528925619836,0.025,0.008403361344537816,0.0,0.22378882040075343,0.4323565323565324,0.33686564456480017,0.31882127695057355,0.2713095845736166
wsj910107-0139.txt,0.3083700440528635,0.017777777777777778,0.0,0.0,0.2156862829389376,0.5640220349079976,0.5036939188037659,0.4439760399571378,0.3581442219209349
wsj910208-0130.txt,0.27405247813411077,0.04105571847507331,0.0058997050147492625,0.0,0.1824239009971005,0.39558538404175986,0.2341442156810627,0.19654380083283174,0.17416693534163163
wsj910304-0002.txt,0.3781094527363184,0.04020100502512562,0.0,0.0,0.24964592143861583,0.6469194676938158,0.5525760746214314,0.47410266533883255,0.376672396336186
wsj910304-0005.txt,0.3745583038869258,0.12099644128113876,0.06451612903225808,0.036101083032490974,0.3145051133119172,0.5047408343868521,0.3369832775672278,0.2362615579386631,0.1688829346619173
wsj910326-0090.txt,0.3767313019390581,0.05013927576601671,0.0056022408963585435,0.0,0.21310651022408186,0.40667004390408645,0.3210323534924193,0.3097587319735375,0.266516243139113
wsj910405-0154.txt,0.3948497854077253,0.15584415584415584,0.061135371179039305,0.017621145374449337,0.3051376144032588,0.5655926929639666,0.37637907009295146,0.24891373507681552,0.15497359570465194
wsj910529-0003.txt,0.6026200873362446,0.3524229074889868,0.2311111111111111,0.20627802690582958,0.47620093554679693,0.7444156485252376,0.5423145018843715,0.42159968389619124,0.3438364659342358
wsj910607-0063.txt,0.2867383512544803,0.036101083032490974,0.007272727272727274,0.0,0.19113871671201724,0.38263412153572335,0.3028007176101598,0.2955152176766068,0.2559848649669147
wsj910628-0109.txt,0.27636363636363637,0.04395604395604396,0.0,0.0,0.17590257199959053,0.4055340778923253,0.31612085408107804,0.30406698709863145,0.26129048313858083
wsj910702-0078.txt,0.20958083832335328,0.006024096385542169,0.0,0.0,0.14329493567714657,0.5226435131478572,0.4856436471119467,0.4367653945916017,0.3561655012163549
wsj910709-0115.txt,0.3371647509578544,0.03861003861003861,0.0,0.0,0.2186471453984794,0.4033139432399083,0.3135061670646395,0.29974114730051526,0.25669008260465337
wsj910710-0123.txt,0.27405247813411077,0.05865102639296187,0.005899705014749263,0.0,0.19627142113602125,0.4129727303332959,0.32324587152234646,0.310893327218974,0.26707907129600905
wsj910710-0148.txt,0.4016064257028112,0.06477732793522267,0.0,0.0,0.2363384092985512,0.5169816138917263,0.3876927104405543,0.35358400014772334,0.2946725220261593
wsj910718-0143.txt,0.4521072796934866,0.1853281853281853,0.08560311284046693,0.0392156862745098,0.3348011566879959,0.5385233918128655,0.3427746556055236,0.2701126009907851,0.22492530202489527
wsj911030-0008.txt,0.33432835820895523,0.09009009009009009,0.03625377643504532,0.0182370820668693,0.24095772196344148,0.4232691658223573,0.2603760726765606,0.16312396541332647,0.09818097786619882
wsj911031-0012.txt,0.3663663663663664,0.0906344410876133,0.0364741641337386,0.024464831804281342,0.24138597701789763,0.44371822803195354,0.2707659102455628,0.16915433008289021,0.10173671792815749
wsj911106-0109.txt,0.26804123711340205,0.05536332179930795,0.020905923344947737,0.007017543859649124,0.2086704800150662,0.4366137566137566,0.26559191843333385,0.21744895966983824,0.1886544687508001
wsj911121-0136.txt,0.36421725239616615,0.13504823151125403,0.07119741100323625,0.04560260586319218,0.29615151547493196,0.4611220472440945,0.2984792988558139,0.2040954311557637,0.13921117551145035
wsj911212-0080.txt,0.30877192982456136,0.0706713780918728,0.028469750889679714,0.007168458781362008,0.21999545792186123,0.39526059564719357,0.3121212112973022,0.3015282198458126,0.25963807200735467
wsj911224-0085.txt,0.28148148148148144,0.08208955223880597,0.03759398496240602,0.01515151515151515,0.22131904826782972,0.40595636247810163,0.24977018116629507,0.20728416869523572,0.18105894405694642
wsj920103-0037.txt,0.3510971786833856,0.10094637223974763,0.0507936507936508,0.031948881789137386,0.2709539987097435,0.4581202609769,0.28550050160704393,0.1808149903980388,0.11007914275086962
wsj920114-0145.txt,0.2857142857142857,0.023346303501945526,0.00784313725490196,0.0,0.20271303418425024,0.4292194092827004,0.3298039569848875,0.312590719296401,0.26641906797394127
wsj920211-0036.txt,0.3525423728813559,0.10238907849829351,0.041237113402061855,0.020761245674740483,0.2671891860249907,0.4524882024882025,0.2739616662207079,0.22260586415998926,0.19199433212767017
